Username,Post_ID,Interaction_Type,Timestamp
user_66,post_381,like,2022-09-22 06:26:07.946897
user_41,post_48,like,2022-09-22 08:33:07.946897
user_34,post_168,share,2022-09-23 12:00:07.946897
user_7,post_395,like,2022-09-23 12:07:07.946897
user_55,post_169,share,2022-09-23 12:59:07.946897
user_23,post_342,share,2022-09-23 15:45:07.946897
user_7,post_289,share,2022-09-23 17:09:07.946897
user_13,post_498,like,2022-09-23 18:34:07.946897
user_13,post_34,like,2022-09-23 22:40:07.946897
user_82,post_103,comment,2022-09-24 01:18:07.946897
user_22,post_477,comment,2022-09-24 07:52:07.946897
user_94,post_416,share,2022-09-24 09:35:07.946897
user_20,post_442,share,2022-09-24 09:54:07.946897
user_83,post_78,comment,2022-09-24 14:42:07.946897
user_20,post_487,share,2022-09-24 15:05:07.946897
user_50,post_400,comment,2022-09-24 19:06:07.946897
user_90,post_62,like,2022-09-25 02:27:07.946897
user_38,post_469,share,2022-09-25 05:50:07.946897
user_35,post_485,comment,2022-09-25 06:48:07.946897
user_32,post_34,like,2022-09-25 07:03:07.946897
user_70,post_458,like,2022-09-25 10:19:07.946897
user_62,post_5,share,2022-09-25 15:00:07.946897
user_64,post_293,share,2022-09-25 16:10:07.946897
user_58,post_195,like,2022-09-25 22:34:07.946897
user_32,post_393,like,2022-09-26 04:25:07.946897
user_74,post_454,comment,2022-09-26 04:55:07.946897
user_35,post_214,comment,2022-09-26 09:39:07.946897
user_8,post_229,share,2022-09-27 09:27:07.946897
user_3,post_234,comment,2022-09-27 10:07:07.946897
user_86,post_6,share,2022-09-27 21:34:07.946897
user_46,post_342,share,2022-09-28 08:03:07.946897
user_36,post_444,like,2022-09-28 15:37:07.946897
user_73,post_127,share,2022-09-28 16:49:07.946897
user_48,post_78,like,2022-09-28 17:56:07.946897
user_66,post_341,like,2022-09-28 23:04:07.946897
user_52,post_244,share,2022-09-29 03:04:07.946897
user_64,post_151,share,2022-09-29 21:50:07.946897
user_5,post_368,comment,2022-09-30 13:22:07.946897
user_93,post_408,comment,2022-09-30 18:37:07.946897
user_35,post_216,like,2022-10-01 11:10:07.946897
user_59,post_479,share,2022-10-01 14:29:07.946897
user_52,post_233,share,2022-10-02 00:46:07.946897
user_64,post_4,share,2022-10-02 04:40:07.946897
user_49,post_367,comment,2022-10-02 19:33:07.946897
user_84,post_236,like,2022-10-03 08:19:07.946897
user_6,post_211,like,2022-10-04 08:02:07.946897
user_57,post_223,share,2022-10-04 10:55:07.946897
user_36,post_377,comment,2022-10-04 15:22:07.946897
user_18,post_356,share,2022-10-04 15:39:07.946897
user_15,post_322,share,2022-10-04 19:17:07.946897
user_23,post_58,share,2022-10-04 20:40:07.946897
user_99,post_22,like,2022-10-04 20:57:07.946897
user_30,post_229,share,2022-10-04 21:51:07.946897
user_33,post_324,comment,2022-10-04 23:01:07.946897
user_46,post_129,share,2022-10-05 02:31:07.946897
user_1,post_441,comment,2022-10-05 04:30:07.946897
user_64,post_172,comment,2022-10-05 07:51:07.946897
user_8,post_394,share,2022-10-05 08:13:07.946897
user_69,post_274,share,2022-10-06 12:19:07.946897
user_65,post_347,comment,2022-10-06 12:56:07.946897
user_87,post_373,comment,2022-10-07 02:23:07.946897
user_95,post_4,comment,2022-10-07 11:07:07.946897
user_71,post_151,like,2022-10-07 11:31:07.946897
user_94,post_421,like,2022-10-07 11:47:07.946897
user_36,post_220,comment,2022-10-07 13:18:07.946897
user_49,post_26,like,2022-10-07 19:58:07.946897
user_69,post_280,like,2022-10-07 20:16:07.946897
user_17,post_90,comment,2022-10-07 23:19:07.946897
user_54,post_80,like,2022-10-08 04:32:07.946897
user_40,post_403,comment,2022-10-08 05:25:07.946897
user_40,post_412,like,2022-10-08 12:05:07.946897
user_56,post_49,like,2022-10-08 16:40:07.946897
user_46,post_161,share,2022-10-08 20:38:07.946897
user_57,post_41,comment,2022-10-09 00:11:07.946897
user_87,post_386,like,2022-10-09 01:59:07.946897
user_23,post_29,comment,2022-10-09 02:29:07.946897
user_14,post_302,share,2022-10-09 03:06:07.946897
user_6,post_159,like,2022-10-09 04:30:07.946897
user_78,post_433,share,2022-10-09 06:51:07.946897
user_42,post_184,comment,2022-10-09 07:09:07.946897
user_57,post_34,share,2022-10-09 09:00:07.946897
user_63,post_234,share,2022-10-09 21:12:07.946897
user_67,post_369,like,2022-10-10 00:42:07.946897
user_82,post_203,comment,2022-10-10 05:17:07.946897
user_34,post_192,share,2022-10-10 05:36:07.946897
user_77,post_178,share,2022-10-10 07:42:07.946897
user_6,post_151,like,2022-10-10 12:47:07.946897
user_7,post_26,like,2022-10-10 13:38:07.946897
user_9,post_112,like,2022-10-10 14:39:07.946897
user_20,post_214,like,2022-10-10 18:35:07.946897
user_96,post_216,like,2022-10-11 07:35:07.946897
user_55,post_173,share,2022-10-12 19:02:07.946897
user_79,post_373,share,2022-10-13 03:22:07.946897
user_14,post_158,share,2022-10-13 11:38:07.946897
user_66,post_79,share,2022-10-13 14:04:07.946897
user_69,post_188,comment,2022-10-13 15:12:07.946897
user_35,post_351,like,2022-10-13 15:55:07.946897
user_24,post_254,comment,2022-10-13 17:33:07.946897
user_22,post_116,comment,2022-10-13 19:02:07.946897
user_92,post_103,share,2022-10-13 20:26:07.946897
user_15,post_150,like,2022-10-13 21:41:07.946897
user_35,post_351,share,2022-10-14 02:10:07.946897
user_21,post_494,comment,2022-10-14 02:27:07.946897
user_50,post_441,comment,2022-10-14 04:32:07.946897
user_63,post_174,share,2022-10-14 08:06:07.946897
user_1,post_445,share,2022-10-14 09:05:07.946897
user_50,post_216,like,2022-10-14 18:21:07.946897
user_36,post_273,like,2022-10-15 05:30:07.946897
user_40,post_178,like,2022-10-17 21:53:07.946897
user_40,post_405,share,2022-10-17 21:58:07.946897
user_49,post_445,comment,2022-10-18 05:14:07.946897
user_20,post_206,comment,2022-10-19 10:58:07.946897
user_8,post_446,share,2022-10-19 13:09:07.946897
user_21,post_289,like,2022-10-19 13:38:07.946897
user_92,post_172,share,2022-10-19 18:11:07.946897
user_40,post_466,comment,2022-10-19 20:36:07.946897
user_9,post_177,comment,2022-10-19 21:20:07.946897
user_22,post_56,share,2022-10-20 04:12:07.946897
user_31,post_421,like,2022-10-20 09:02:07.946897
user_9,post_268,like,2022-10-20 09:20:07.946897
user_98,post_356,comment,2022-10-20 16:16:07.946897
user_44,post_381,comment,2022-10-21 00:52:07.946897
user_70,post_113,share,2022-10-21 12:16:07.946897
user_82,post_9,comment,2022-10-21 16:50:07.946897
user_88,post_214,like,2022-10-21 17:47:07.946897
user_2,post_413,share,2022-10-21 17:53:07.946897
user_33,post_415,comment,2022-10-21 17:53:07.946897
user_1,post_283,like,2022-10-21 18:14:07.946897
user_15,post_200,share,2022-10-21 18:55:07.946897
user_5,post_84,comment,2022-10-21 19:01:07.946897
user_54,post_3,comment,2022-10-21 23:37:07.946897
user_69,post_79,comment,2022-10-21 23:44:07.946897
user_83,post_38,comment,2022-10-22 03:24:07.946897
user_58,post_437,like,2022-10-22 04:04:07.946897
user_77,post_53,share,2022-10-22 04:21:07.946897
user_65,post_158,like,2022-10-24 09:41:07.946897
user_2,post_19,like,2022-10-24 14:44:07.946897
user_92,post_365,like,2022-10-24 15:25:07.946897
user_15,post_436,like,2022-10-24 16:05:07.946897
user_90,post_493,share,2022-10-24 19:16:07.946897
user_92,post_241,comment,2022-10-24 23:36:07.946897
user_14,post_3,comment,2022-10-25 04:51:07.946897
user_63,post_305,comment,2022-10-25 05:11:07.946897
user_66,post_419,share,2022-10-25 07:23:07.946897
user_44,post_328,comment,2022-10-25 07:58:07.946897
user_3,post_500,like,2022-10-25 17:59:07.946897
user_42,post_311,share,2022-10-25 21:48:07.946897
user_36,post_216,comment,2022-10-25 22:10:07.946897
user_45,post_355,share,2022-10-26 00:21:07.946897
user_8,post_180,comment,2022-10-26 02:29:07.946897
user_87,post_456,share,2022-10-26 02:50:07.946897
user_78,post_356,comment,2022-10-26 04:09:07.946897
user_16,post_40,like,2022-10-26 18:50:07.946897
user_30,post_1,comment,2022-10-27 00:52:07.946897
user_47,post_378,share,2022-10-27 07:24:07.946897
user_73,post_408,like,2022-10-27 08:32:07.946897
user_72,post_451,comment,2022-10-27 15:02:07.946897
user_80,post_269,like,2022-10-27 17:45:07.946897
user_8,post_145,share,2022-10-27 23:04:07.946897
user_91,post_90,share,2022-10-27 23:45:07.946897
user_69,post_8,comment,2022-10-28 03:55:07.946897
user_6,post_217,like,2022-10-28 09:20:07.946897
user_82,post_269,comment,2022-10-28 10:57:07.946897
user_93,post_101,share,2022-10-28 11:11:07.946897
user_6,post_340,share,2022-10-28 12:26:07.946897
user_71,post_480,share,2022-10-28 12:47:07.946897
user_31,post_494,share,2022-10-28 19:05:07.946897
user_88,post_15,comment,2022-10-28 23:41:07.946897
user_63,post_457,like,2022-10-29 01:19:07.946897
user_93,post_52,like,2022-10-30 13:48:07.946897
user_48,post_287,comment,2022-10-30 16:23:07.946897
user_100,post_274,comment,2022-10-31 02:35:07.946897
user_52,post_282,share,2022-10-31 02:58:07.946897
user_65,post_273,comment,2022-10-31 15:44:07.946897
user_18,post_190,comment,2022-10-31 16:32:07.946897
user_97,post_398,comment,2022-10-31 23:30:07.946897
user_15,post_450,like,2022-11-01 00:01:07.946897
user_35,post_13,share,2022-11-01 01:32:07.946897
user_61,post_70,like,2022-11-01 06:44:07.946897
user_55,post_11,share,2022-11-03 14:45:07.946897
user_57,post_375,comment,2022-11-03 18:57:07.946897
user_34,post_311,like,2022-11-03 23:31:07.946897
user_42,post_63,comment,2022-11-04 01:49:07.946897
user_28,post_15,like,2022-11-04 04:44:07.946897
user_19,post_304,share,2022-11-04 10:10:07.946897
user_19,post_243,like,2022-11-04 13:55:07.946897
user_10,post_297,comment,2022-11-04 20:06:07.946897
user_87,post_100,like,2022-11-04 21:26:07.946897
user_60,post_292,like,2022-11-04 22:02:07.946897
user_11,post_296,like,2022-11-05 10:02:07.946897
user_24,post_470,comment,2022-11-05 12:58:07.946897
user_82,post_183,like,2022-11-05 16:15:07.946897
user_30,post_57,comment,2022-11-06 02:56:07.946897
user_12,post_413,share,2022-11-07 11:18:07.946897
user_32,post_347,comment,2022-11-07 13:35:07.946897
user_47,post_348,comment,2022-11-08 00:56:07.946897
user_65,post_163,share,2022-11-08 04:32:07.946897
user_79,post_125,share,2022-11-08 19:34:07.946897
user_97,post_500,comment,2022-11-09 01:28:07.946897
user_37,post_69,share,2022-11-09 11:29:07.946897
user_54,post_207,like,2022-11-09 11:49:07.946897
user_36,post_145,comment,2022-11-09 13:38:07.946897
user_45,post_7,comment,2022-11-10 01:29:07.946897
user_26,post_231,comment,2022-11-10 03:19:07.946897
user_42,post_466,comment,2022-11-10 04:18:07.946897
user_2,post_123,comment,2022-11-10 14:05:07.946897
user_27,post_136,comment,2022-11-10 19:32:07.946897
user_86,post_381,comment,2022-11-10 20:00:07.946897
user_43,post_342,comment,2022-11-10 23:05:07.946897
user_17,post_345,share,2022-11-11 00:45:07.946897
user_66,post_348,share,2022-11-11 02:56:07.946897
user_18,post_353,comment,2022-11-11 03:06:07.946897
user_62,post_218,share,2022-11-11 06:23:07.946897
user_69,post_432,comment,2022-11-11 07:58:07.946897
user_13,post_270,like,2022-11-11 21:44:07.946897
user_95,post_387,share,2022-11-12 02:59:07.946897
user_60,post_187,like,2022-11-12 03:32:07.946897
user_71,post_413,like,2022-11-15 11:49:07.946897
user_89,post_316,share,2022-11-15 16:15:07.946897
user_40,post_282,comment,2022-11-15 21:27:07.946897
user_25,post_453,share,2022-11-16 03:04:07.946897
user_43,post_190,comment,2022-11-16 08:30:07.946897
user_1,post_39,share,2022-11-17 15:31:07.946897
user_92,post_359,share,2022-11-17 18:00:07.946897
user_51,post_129,comment,2022-11-17 19:01:07.946897
user_69,post_161,like,2022-11-17 21:17:07.946897
user_41,post_120,like,2022-11-17 21:47:07.946897
user_7,post_379,share,2022-11-17 23:35:07.946897
user_31,post_250,comment,2022-11-18 00:58:07.946897
user_35,post_262,share,2022-11-18 08:28:07.946897
user_37,post_72,share,2022-11-19 10:51:07.946897
user_59,post_174,share,2022-11-19 11:17:07.946897
user_4,post_417,share,2022-11-19 16:19:07.946897
user_33,post_62,like,2022-11-19 19:02:07.946897
user_62,post_465,like,2022-11-19 20:55:07.946897
user_22,post_265,comment,2022-11-20 23:13:07.946897
user_8,post_74,like,2022-11-21 15:38:07.946897
user_80,post_85,like,2022-11-22 05:53:07.946897
user_2,post_203,share,2022-11-22 09:12:07.946897
user_32,post_19,like,2022-11-22 09:42:07.946897
user_24,post_333,like,2022-11-22 11:26:07.946897
user_81,post_70,comment,2022-11-22 11:51:07.946897
user_30,post_359,comment,2022-11-22 12:44:07.946897
user_86,post_377,share,2022-11-22 13:13:07.946897
user_51,post_166,comment,2022-11-22 15:02:07.946897
user_33,post_463,comment,2022-11-22 15:14:07.946897
user_89,post_251,share,2022-11-22 15:14:07.946897
user_45,post_351,share,2022-11-22 16:33:07.946897
user_88,post_72,share,2022-11-22 18:22:07.946897
user_76,post_373,share,2022-11-22 20:33:07.946897
user_93,post_321,comment,2022-11-22 20:35:07.946897
user_74,post_261,comment,2022-11-22 21:37:07.946897
user_86,post_258,share,2022-11-23 01:05:07.946897
user_71,post_141,like,2022-11-23 02:24:07.946897
user_72,post_27,like,2022-11-23 06:16:07.946897
user_9,post_426,share,2022-11-23 07:08:07.946897
user_99,post_405,share,2022-11-23 07:14:07.946897
user_1,post_276,comment,2022-11-23 12:11:07.946897
user_81,post_404,share,2022-11-23 15:51:07.946897
user_37,post_178,like,2022-11-23 18:29:07.946897
user_52,post_163,share,2022-11-24 00:21:07.946897
user_59,post_255,share,2022-11-24 02:22:07.946897
user_41,post_24,share,2022-11-24 08:32:07.946897
user_72,post_117,share,2022-11-24 12:47:07.946897
user_51,post_96,comment,2022-11-24 15:43:07.946897
user_28,post_195,share,2022-11-24 17:58:07.946897
user_47,post_467,comment,2022-11-25 06:17:07.946897
user_17,post_279,share,2022-11-25 09:23:07.946897
user_16,post_459,share,2022-11-25 20:44:07.946897
user_81,post_347,like,2022-11-25 22:21:07.946897
user_32,post_162,like,2022-11-26 17:15:07.946897
user_13,post_233,share,2022-11-26 18:35:07.946897
user_72,post_483,comment,2022-11-26 21:40:07.946897
user_42,post_27,like,2022-11-26 22:40:07.946897
user_76,post_168,like,2022-11-26 22:47:07.946897
user_14,post_102,share,2022-11-27 01:07:07.946897
user_68,post_236,comment,2022-11-27 07:32:07.946897
user_70,post_247,like,2022-11-27 12:13:07.946897
user_62,post_482,like,2022-11-27 17:27:07.946897
user_26,post_197,comment,2022-11-28 02:49:07.946897
user_93,post_113,comment,2022-11-28 04:47:07.946897
user_16,post_434,share,2022-11-28 09:00:07.946897
user_74,post_429,like,2022-11-28 11:03:07.946897
user_90,post_264,like,2022-11-28 11:09:07.946897
user_65,post_490,share,2022-11-28 13:58:07.946897
user_99,post_473,comment,2022-11-28 16:40:07.946897
user_97,post_340,like,2022-11-28 17:20:07.946897
user_58,post_219,share,2022-11-28 18:54:07.946897
user_64,post_369,comment,2022-11-28 19:35:07.946897
user_92,post_149,share,2022-11-28 22:59:07.946897
user_82,post_468,share,2022-11-29 00:05:07.946897
user_47,post_408,share,2022-11-29 01:00:07.946897
user_99,post_63,like,2022-11-29 02:20:07.946897
user_26,post_374,share,2022-11-29 03:02:07.946897
user_75,post_281,comment,2022-11-29 04:36:07.946897
user_83,post_369,comment,2022-11-29 06:13:07.946897
user_83,post_65,like,2022-11-29 08:06:07.946897
user_66,post_368,like,2022-11-30 14:21:07.946897
user_87,post_324,comment,2022-12-01 00:28:07.946897
user_22,post_31,like,2022-12-01 07:53:07.946897
user_63,post_53,comment,2022-12-01 11:19:07.946897
user_24,post_358,comment,2022-12-01 12:16:07.946897
user_26,post_444,share,2022-12-01 14:42:07.946897
user_61,post_382,like,2022-12-01 18:52:07.946897
user_5,post_57,like,2022-12-02 00:21:07.946897
user_10,post_291,like,2022-12-02 00:47:07.946897
user_91,post_382,share,2022-12-02 06:43:07.946897
user_48,post_456,like,2022-12-02 07:06:07.946897
user_89,post_403,share,2022-12-02 08:11:07.946897
user_19,post_283,comment,2022-12-02 12:55:07.946897
user_16,post_280,share,2022-12-02 16:19:07.946897
user_53,post_315,like,2022-12-03 11:05:07.946897
user_20,post_173,comment,2022-12-03 14:14:07.946897
user_48,post_486,like,2022-12-03 16:10:07.946897
user_89,post_296,comment,2022-12-03 18:08:07.946897
user_73,post_377,like,2022-12-03 19:01:07.946897
user_77,post_3,like,2022-12-03 22:29:07.946897
user_67,post_28,like,2022-12-04 00:41:07.946897
user_4,post_182,share,2022-12-04 04:46:07.946897
user_93,post_38,like,2022-12-04 05:40:07.946897
user_88,post_261,comment,2022-12-04 06:49:07.946897
user_44,post_264,like,2022-12-04 21:36:07.946897
user_98,post_473,comment,2022-12-04 22:58:07.946897
user_15,post_144,like,2022-12-05 01:40:07.946897
user_64,post_22,share,2022-12-05 03:50:07.946897
user_93,post_24,comment,2022-12-05 04:33:07.946897
user_61,post_355,like,2022-12-05 07:11:07.946897
user_88,post_11,like,2022-12-05 11:24:07.946897
user_72,post_489,like,2022-12-05 11:57:07.946897
user_67,post_329,like,2022-12-05 12:21:07.946897
user_32,post_315,share,2022-12-05 12:53:07.946897
user_64,post_299,comment,2022-12-05 22:07:07.946897
user_95,post_65,share,2022-12-06 08:35:07.946897
user_15,post_211,share,2022-12-06 14:44:07.946897
user_59,post_350,like,2022-12-06 16:31:07.946897
user_95,post_159,share,2022-12-07 02:55:07.946897
user_96,post_15,comment,2022-12-07 07:58:07.946897
user_47,post_229,comment,2022-12-07 09:17:07.946897
user_33,post_321,like,2022-12-07 11:41:07.946897
user_83,post_402,comment,2022-12-07 20:05:07.946897
user_13,post_390,comment,2022-12-07 21:23:07.946897
user_58,post_103,comment,2022-12-07 22:17:07.946897
user_65,post_227,like,2022-12-08 00:50:07.946897
user_32,post_456,comment,2022-12-08 06:35:07.946897
user_1,post_412,share,2022-12-08 06:47:07.946897
user_90,post_154,share,2022-12-08 07:42:07.946897
user_44,post_453,share,2022-12-08 10:19:07.946897
user_1,post_224,comment,2022-12-08 14:22:07.946897
user_8,post_310,comment,2022-12-08 21:46:07.946897
user_16,post_497,like,2022-12-09 01:11:07.946897
user_12,post_156,share,2022-12-09 05:28:07.946897
user_54,post_1,like,2022-12-09 08:16:07.946897
user_88,post_76,like,2022-12-09 15:47:07.946897
user_53,post_477,like,2022-12-10 07:20:07.946897
user_39,post_160,comment,2022-12-10 11:43:07.946897
user_51,post_310,like,2022-12-10 15:39:07.946897
user_86,post_375,comment,2022-12-11 03:32:07.946897
user_94,post_380,comment,2022-12-11 08:41:07.946897
user_52,post_296,comment,2022-12-11 09:42:07.946897
user_61,post_133,comment,2022-12-11 11:39:07.946897
user_21,post_271,like,2022-12-11 18:32:07.946897
user_65,post_381,share,2022-12-11 21:57:07.946897
user_24,post_172,share,2022-12-12 00:09:07.946897
user_11,post_118,comment,2022-12-12 00:13:07.946897
user_14,post_91,comment,2022-12-12 02:10:07.946897
user_38,post_492,share,2022-12-12 21:59:07.946897
user_40,post_287,like,2022-12-13 01:59:07.946897
user_83,post_147,share,2022-12-16 09:36:07.946897
user_39,post_223,comment,2022-12-16 10:30:07.946897
user_12,post_363,like,2022-12-16 14:27:07.946897
user_16,post_491,share,2022-12-16 19:11:07.946897
user_96,post_25,share,2022-12-16 23:19:07.946897
user_80,post_143,share,2022-12-16 23:42:07.946897
user_65,post_12,like,2022-12-17 00:18:07.946897
user_74,post_290,like,2022-12-17 02:10:07.946897
user_100,post_148,share,2022-12-17 04:12:07.946897
user_7,post_167,like,2022-12-17 08:16:07.946897
user_47,post_287,comment,2022-12-18 16:21:07.946897
user_71,post_279,like,2022-12-18 17:31:07.946897
user_25,post_500,share,2022-12-18 20:24:07.946897
user_92,post_74,comment,2022-12-19 05:42:07.946897
user_90,post_406,share,2022-12-19 08:30:07.946897
user_73,post_407,like,2022-12-19 10:47:07.946897
user_70,post_391,like,2022-12-19 11:32:07.946897
user_84,post_197,like,2022-12-19 19:57:07.946897
user_2,post_437,comment,2022-12-19 20:56:07.946897
user_27,post_180,comment,2022-12-20 00:02:07.946897
user_29,post_338,share,2022-12-20 00:24:07.946897
user_40,post_103,comment,2022-12-20 04:14:07.946897
user_22,post_218,share,2022-12-20 04:35:07.946897
user_10,post_462,like,2022-12-20 05:44:07.946897
user_43,post_160,comment,2022-12-20 11:27:07.946897
user_10,post_433,like,2022-12-20 21:12:07.946897
user_73,post_15,share,2022-12-21 04:41:07.946897
user_61,post_209,like,2022-12-21 09:33:07.946897
user_22,post_273,share,2022-12-21 13:13:07.946897
user_76,post_462,share,2022-12-21 14:09:07.946897
user_79,post_361,comment,2022-12-22 01:34:07.946897
user_45,post_392,like,2022-12-22 02:34:07.946897
user_64,post_362,comment,2022-12-22 07:25:07.946897
user_31,post_359,like,2022-12-22 08:29:07.946897
user_100,post_272,comment,2022-12-22 09:18:07.946897
user_67,post_315,share,2022-12-22 10:10:07.946897
user_3,post_127,comment,2022-12-22 14:43:07.946897
user_24,post_2,like,2022-12-22 18:01:07.946897
user_11,post_325,like,2022-12-22 22:20:07.946897
user_51,post_201,like,2022-12-23 00:33:07.946897
user_20,post_90,share,2022-12-23 00:53:07.946897
user_56,post_172,comment,2022-12-23 07:07:07.946897
user_65,post_368,share,2022-12-24 02:00:07.946897
user_85,post_108,comment,2022-12-26 11:16:07.946897
user_14,post_241,like,2022-12-26 12:11:07.946897
user_99,post_85,comment,2022-12-26 13:37:07.946897
user_5,post_101,like,2022-12-26 16:37:07.946897
user_96,post_165,like,2022-12-26 17:53:07.946897
user_64,post_137,share,2022-12-26 19:01:07.946897
user_45,post_122,comment,2022-12-27 00:02:07.946897
user_30,post_65,comment,2022-12-27 00:15:07.946897
user_45,post_200,like,2022-12-27 00:34:07.946897
user_6,post_120,like,2022-12-27 06:03:07.946897
user_12,post_178,share,2022-12-27 12:06:07.946897
user_56,post_77,comment,2022-12-27 17:01:07.946897
user_22,post_378,like,2022-12-27 17:03:07.946897
user_39,post_453,share,2022-12-27 21:04:07.946897
user_1,post_407,like,2022-12-27 23:01:07.946897
user_36,post_313,like,2022-12-27 23:03:07.946897
user_55,post_385,like,2022-12-27 23:41:07.946897
user_90,post_95,like,2022-12-28 01:57:07.946897
user_69,post_336,like,2022-12-28 02:17:07.946897
user_34,post_256,like,2022-12-28 06:29:07.946897
user_17,post_360,like,2022-12-28 06:53:07.946897
user_25,post_344,like,2022-12-28 09:52:07.946897
user_9,post_157,share,2022-12-28 20:38:07.946897
user_90,post_412,comment,2022-12-28 22:54:07.946897
user_96,post_392,share,2022-12-28 23:43:07.946897
user_3,post_115,like,2022-12-29 00:22:07.946897
user_90,post_422,share,2022-12-29 02:14:07.946897
user_63,post_177,like,2022-12-29 02:17:07.946897
user_79,post_274,like,2022-12-29 02:46:07.946897
user_39,post_73,like,2022-12-29 04:49:07.946897
user_70,post_56,share,2022-12-29 05:21:07.946897
user_26,post_391,share,2022-12-31 13:01:07.946897
user_33,post_76,share,2022-12-31 13:13:07.946897
user_97,post_283,comment,2022-12-31 14:36:07.946897
user_24,post_90,like,2022-12-31 18:19:07.946897
user_57,post_181,like,2022-12-31 19:11:07.946897
user_91,post_437,share,2022-12-31 19:49:07.946897
user_80,post_482,share,2022-12-31 20:31:07.946897
user_48,post_399,comment,2022-12-31 21:24:07.946897
user_90,post_187,like,2023-01-01 00:37:07.946897
user_32,post_26,share,2023-01-01 08:57:07.946897
user_36,post_435,like,2023-01-01 13:21:07.946897
user_42,post_391,comment,2023-01-01 14:19:07.946897
user_28,post_124,share,2023-01-01 14:56:07.946897
user_48,post_121,share,2023-01-01 15:52:07.946897
user_33,post_351,share,2023-01-02 00:46:07.946897
user_98,post_387,like,2023-01-02 01:13:07.946897
user_30,post_304,like,2023-01-02 04:23:07.946897
user_66,post_367,share,2023-01-02 13:55:07.946897
user_82,post_185,comment,2023-01-02 15:18:07.946897
user_8,post_158,like,2023-01-03 03:46:07.946897
user_84,post_35,share,2023-01-03 05:21:07.946897
user_98,post_87,share,2023-01-03 09:05:07.946897
user_19,post_334,like,2023-01-03 11:19:07.946897
user_59,post_160,share,2023-01-04 03:30:07.946897
user_20,post_469,like,2023-01-04 10:03:07.946897
user_91,post_126,share,2023-01-04 14:18:07.946897
user_73,post_210,like,2023-01-04 14:37:07.946897
user_70,post_222,comment,2023-01-04 16:06:07.946897
user_38,post_188,like,2023-01-04 20:57:07.946897
user_62,post_74,comment,2023-01-04 21:31:07.946897
user_34,post_306,share,2023-01-04 22:19:07.946897
user_39,post_79,like,2023-01-05 03:42:07.946897
user_95,post_460,comment,2023-01-05 05:35:07.946897
user_7,post_70,share,2023-01-05 05:59:07.946897
user_29,post_206,share,2023-01-05 10:28:07.946897
user_24,post_335,comment,2023-01-05 11:03:07.946897
user_91,post_45,share,2023-01-05 13:06:07.946897
user_83,post_163,share,2023-01-05 14:28:07.946897
user_60,post_399,share,2023-01-05 23:39:07.946897
user_33,post_107,comment,2023-01-06 00:38:07.946897
user_53,post_456,comment,2023-01-07 11:31:07.946897
user_66,post_162,like,2023-01-07 11:57:07.946897
user_98,post_485,like,2023-01-08 10:09:07.946897
user_63,post_226,like,2023-01-08 15:28:07.946897
user_73,post_269,share,2023-01-08 19:14:07.946897
user_43,post_84,comment,2023-01-09 02:29:07.946897
user_15,post_209,comment,2023-01-09 06:43:07.946897
user_28,post_444,share,2023-01-09 16:02:07.946897
user_42,post_182,like,2023-01-09 17:58:07.946897
user_18,post_421,share,2023-01-09 21:24:07.946897
user_70,post_329,like,2023-01-10 00:16:07.946897
user_83,post_426,share,2023-01-10 12:47:07.946897
user_45,post_469,share,2023-01-10 16:09:07.946897
user_22,post_323,like,2023-01-10 17:28:07.946897
user_28,post_189,like,2023-01-10 17:58:07.946897
user_54,post_316,share,2023-01-10 20:37:07.946897
user_49,post_161,comment,2023-01-11 00:07:07.946897
user_27,post_243,share,2023-01-12 12:59:07.946897
user_66,post_206,like,2023-01-12 13:06:07.946897
user_65,post_144,share,2023-01-12 14:31:07.946897
user_34,post_37,comment,2023-01-12 15:07:07.946897
user_71,post_466,share,2023-01-12 18:39:07.946897
user_24,post_474,like,2023-01-12 20:41:07.946897
user_52,post_149,comment,2023-01-12 21:18:07.946897
user_27,post_262,comment,2023-01-13 00:36:07.946897
user_92,post_342,like,2023-01-13 01:25:07.946897
user_15,post_395,comment,2023-01-13 03:50:07.946897
user_54,post_198,like,2023-01-13 06:51:07.946897
user_80,post_171,like,2023-01-13 09:57:07.946897
user_32,post_495,share,2023-01-13 09:57:07.946897
user_14,post_343,like,2023-01-13 10:05:07.946897
user_37,post_432,comment,2023-01-13 11:35:07.946897
user_98,post_500,share,2023-01-13 14:32:07.946897
user_54,post_162,share,2023-01-13 15:22:07.946897
user_68,post_253,comment,2023-01-13 22:19:07.946897
user_16,post_223,share,2023-01-13 22:40:07.946897
user_91,post_256,like,2023-01-13 22:50:07.946897
user_81,post_174,comment,2023-01-14 18:32:07.946897
user_66,post_160,like,2023-01-15 00:26:07.946897
user_80,post_62,comment,2023-01-16 11:07:07.946897
user_22,post_146,comment,2023-01-16 14:36:07.946897
user_77,post_239,comment,2023-01-17 08:50:07.946897
user_92,post_402,share,2023-01-19 11:04:07.946897
user_7,post_284,share,2023-01-19 14:23:07.946897
user_52,post_447,like,2023-01-19 20:47:07.946897
user_38,post_27,like,2023-01-20 01:44:07.946897
user_70,post_247,share,2023-01-20 01:56:07.946897
user_26,post_164,comment,2023-01-20 02:26:07.946897
user_18,post_428,share,2023-01-20 07:10:07.946897
user_6,post_386,comment,2023-01-22 13:26:07.946897
user_37,post_351,share,2023-01-23 09:32:07.946897
user_67,post_356,like,2023-01-23 12:21:07.946897
user_61,post_91,comment,2023-01-23 14:16:07.946897
user_15,post_279,share,2023-01-23 14:33:07.946897
user_76,post_44,comment,2023-01-23 15:32:07.946897
user_15,post_111,share,2023-01-23 22:21:07.946897
user_44,post_166,share,2023-01-23 22:36:07.946897
user_4,post_153,share,2023-01-23 22:54:07.946897
user_16,post_341,share,2023-01-24 00:41:07.946897
user_19,post_316,like,2023-01-24 03:22:07.946897
user_35,post_390,like,2023-01-24 05:08:07.946897
user_27,post_117,comment,2023-01-24 06:44:07.946897
user_47,post_245,comment,2023-01-24 07:19:07.946897
user_100,post_420,like,2023-01-24 14:48:07.946897
user_11,post_432,comment,2023-01-24 18:02:07.946897
user_51,post_200,like,2023-01-25 03:30:07.946897
user_65,post_199,like,2023-01-26 08:27:07.946897
user_1,post_136,comment,2023-01-27 13:08:07.946897
user_67,post_119,comment,2023-01-27 13:14:07.946897
user_18,post_254,comment,2023-01-27 14:22:07.946897
user_57,post_145,comment,2023-01-27 17:26:07.946897
user_63,post_457,like,2023-01-27 18:29:07.946897
user_56,post_195,comment,2023-01-27 22:54:07.946897
user_78,post_420,like,2023-01-28 00:35:07.946897
user_43,post_108,like,2023-01-28 01:29:07.946897
user_72,post_149,comment,2023-01-28 02:12:07.946897
user_21,post_338,comment,2023-01-28 03:22:07.946897
user_17,post_156,comment,2023-01-28 07:26:07.946897
user_55,post_177,like,2023-01-28 08:21:07.946897
user_97,post_77,share,2023-01-28 11:23:07.946897
user_64,post_49,comment,2023-01-28 11:25:07.946897
user_11,post_289,like,2023-01-28 12:56:07.946897
user_42,post_228,like,2023-01-28 16:01:07.946897
user_47,post_394,comment,2023-01-28 17:37:07.946897
user_7,post_95,share,2023-01-29 03:37:07.946897
user_61,post_121,share,2023-01-29 05:38:07.946897
user_58,post_5,comment,2023-01-29 07:46:07.946897
user_43,post_50,share,2023-01-30 18:37:07.946897
user_96,post_1,share,2023-01-31 10:46:07.946897
user_73,post_243,like,2023-01-31 12:28:07.946897
user_72,post_383,comment,2023-01-31 12:42:07.946897
user_47,post_248,share,2023-01-31 14:18:07.946897
user_81,post_467,comment,2023-01-31 15:21:07.946897
user_38,post_17,comment,2023-01-31 19:55:07.946897
user_5,post_87,like,2023-01-31 21:50:07.946897
user_73,post_106,comment,2023-02-01 00:25:07.946897
user_48,post_102,share,2023-02-01 01:13:07.946897
user_77,post_93,like,2023-02-01 03:55:07.946897
user_75,post_115,like,2023-02-01 07:19:07.946897
user_54,post_15,like,2023-02-01 12:46:07.946897
user_19,post_54,share,2023-02-01 15:31:07.946897
user_65,post_158,share,2023-02-01 23:10:07.946897
user_72,post_495,like,2023-02-02 10:12:07.946897
user_4,post_408,comment,2023-02-02 12:44:07.946897
user_58,post_212,comment,2023-02-02 13:14:07.946897
user_83,post_242,like,2023-02-02 16:26:07.946897
user_94,post_3,like,2023-02-02 18:44:07.946897
user_30,post_2,share,2023-02-02 18:45:07.946897
user_86,post_121,comment,2023-02-03 00:08:07.946897
user_15,post_236,comment,2023-02-03 06:38:07.946897
user_23,post_426,comment,2023-02-03 18:57:07.946897
user_99,post_17,share,2023-02-03 23:20:07.946897
user_19,post_197,comment,2023-02-04 01:04:07.946897
user_42,post_179,comment,2023-02-04 16:10:07.946897
user_80,post_300,like,2023-02-05 04:05:07.946897
user_45,post_353,like,2023-02-06 09:22:07.946897
user_72,post_66,share,2023-02-06 10:55:07.946897
user_52,post_1,share,2023-02-06 13:44:07.946897
user_79,post_36,comment,2023-02-06 13:59:07.946897
user_98,post_51,share,2023-02-06 15:01:07.946897
user_5,post_49,comment,2023-02-07 03:05:07.946897
user_63,post_474,comment,2023-02-07 07:23:07.946897
user_10,post_388,like,2023-02-08 15:34:07.946897
user_47,post_360,share,2023-02-08 16:38:07.946897
user_55,post_418,like,2023-02-08 16:58:07.946897
user_37,post_46,like,2023-02-09 06:32:07.946897
user_94,post_266,share,2023-02-09 15:33:07.946897
user_15,post_437,comment,2023-02-09 17:47:07.946897
user_100,post_424,share,2023-02-09 18:02:07.946897
user_85,post_160,comment,2023-02-09 19:06:07.946897
user_55,post_198,like,2023-02-09 22:17:07.946897
user_86,post_306,comment,2023-02-09 23:54:07.946897
user_23,post_229,comment,2023-02-10 02:02:07.946897
user_33,post_20,comment,2023-02-10 05:53:07.946897
user_35,post_213,comment,2023-02-10 11:45:07.946897
user_75,post_375,comment,2023-02-11 08:53:07.946897
user_20,post_146,comment,2023-02-12 18:41:07.946897
user_11,post_280,like,2023-02-12 21:14:07.946897
user_11,post_366,comment,2023-02-12 22:40:07.946897
user_89,post_438,share,2023-02-13 01:20:07.946897
user_37,post_439,comment,2023-02-13 01:46:07.946897
user_33,post_208,comment,2023-02-13 06:17:07.946897
user_49,post_15,share,2023-02-13 10:48:07.946897
user_58,post_372,share,2023-02-13 11:28:07.946897
user_60,post_304,comment,2023-02-14 07:34:07.946897
user_3,post_285,share,2023-02-14 20:51:07.946897
user_10,post_59,like,2023-02-14 22:52:07.946897
user_46,post_358,like,2023-02-17 12:42:07.946897
user_73,post_188,share,2023-02-17 21:01:07.946897
user_97,post_27,share,2023-02-17 22:53:07.946897
user_85,post_39,share,2023-02-17 23:46:07.946897
user_86,post_20,share,2023-02-19 11:12:07.946897
user_79,post_430,like,2023-02-19 16:00:07.946897
user_56,post_429,share,2023-02-20 06:15:07.946897
user_25,post_350,comment,2023-02-20 20:17:07.946897
user_28,post_156,comment,2023-02-20 21:23:07.946897
user_43,post_192,like,2023-02-21 08:14:07.946897
user_67,post_289,comment,2023-02-26 10:14:07.946897
user_37,post_305,share,2023-02-26 10:55:07.946897
user_71,post_256,share,2023-02-26 20:39:07.946897
user_59,post_145,share,2023-02-26 22:21:07.946897
user_94,post_181,like,2023-02-26 22:52:07.946897
user_83,post_446,comment,2023-02-26 23:14:07.946897
user_77,post_337,comment,2023-02-27 01:40:07.946897
user_88,post_379,comment,2023-02-28 18:14:07.946897
user_35,post_422,share,2023-02-28 21:12:07.946897
user_50,post_290,like,2023-03-01 04:22:07.946897
user_6,post_382,comment,2023-03-01 04:49:07.946897
user_7,post_458,share,2023-03-01 14:32:07.946897
user_85,post_401,comment,2023-03-01 16:49:07.946897
user_97,post_293,like,2023-03-01 19:47:07.946897
user_58,post_124,like,2023-03-01 22:13:07.946897
user_77,post_438,share,2023-03-01 23:55:07.946897
user_88,post_318,share,2023-03-02 00:05:07.946897
user_98,post_136,comment,2023-03-03 09:34:07.946897
user_6,post_471,like,2023-03-03 10:27:07.946897
user_52,post_395,share,2023-03-03 12:15:07.946897
user_51,post_421,share,2023-03-03 13:46:07.946897
user_21,post_220,like,2023-03-03 14:43:07.946897
user_91,post_433,share,2023-03-03 18:28:07.946897
user_29,post_490,comment,2023-03-03 21:41:07.946897
user_1,post_115,share,2023-03-03 22:51:07.946897
user_33,post_40,comment,2023-03-03 23:35:07.946897
user_69,post_356,like,2023-03-04 05:48:07.946897
user_51,post_213,share,2023-03-04 10:18:07.946897
user_62,post_250,like,2023-03-04 13:46:07.946897
user_13,post_497,share,2023-03-04 22:52:07.946897
user_16,post_258,like,2023-03-05 05:37:07.946897
user_89,post_353,comment,2023-03-05 07:44:07.946897
user_69,post_189,like,2023-03-05 15:23:07.946897
user_77,post_54,comment,2023-03-05 17:58:07.946897
user_86,post_483,comment,2023-03-06 02:28:07.946897
user_31,post_460,like,2023-03-06 03:29:07.946897
user_80,post_417,comment,2023-03-06 06:09:07.946897
user_14,post_87,share,2023-03-06 14:28:07.946897
user_15,post_394,comment,2023-03-06 19:55:07.946897
user_22,post_258,like,2023-03-07 06:34:07.946897
user_78,post_413,like,2023-03-08 12:59:07.946897
user_76,post_13,share,2023-03-08 13:24:07.946897
user_59,post_283,comment,2023-03-08 14:24:07.946897
user_90,post_146,like,2023-03-08 16:06:07.946897
user_46,post_342,share,2023-03-08 19:05:07.946897
user_60,post_281,like,2023-03-09 01:36:07.946897
user_99,post_454,comment,2023-03-09 06:44:07.946897
user_57,post_78,comment,2023-03-09 08:20:07.946897
user_91,post_151,like,2023-03-09 09:30:07.946897
user_88,post_493,like,2023-03-09 15:08:07.946897
user_67,post_309,comment,2023-03-09 18:23:07.946897
user_11,post_106,share,2023-03-11 03:48:07.946897
user_99,post_214,like,2023-03-11 08:54:07.946897
user_98,post_105,like,2023-03-12 11:01:07.946897
user_21,post_430,like,2023-03-12 11:08:07.946897
user_35,post_161,comment,2023-03-12 12:25:07.946897
user_53,post_331,comment,2023-03-12 13:27:07.946897
user_39,post_255,share,2023-03-13 18:01:07.946897
user_29,post_477,comment,2023-03-14 09:45:07.946897
user_1,post_467,comment,2023-03-14 13:56:07.946897
user_40,post_10,share,2023-03-14 22:11:07.946897
user_22,post_245,like,2023-03-15 03:32:07.946897
user_32,post_465,comment,2023-03-16 09:34:07.946897
user_13,post_264,share,2023-03-16 16:48:07.946897
user_2,post_469,like,2023-03-16 22:48:07.946897
user_11,post_133,like,2023-03-16 23:46:07.946897
user_21,post_116,comment,2023-03-17 03:30:07.946897
user_31,post_253,comment,2023-03-17 09:47:07.946897
user_11,post_345,like,2023-03-17 20:40:07.946897
user_16,post_21,comment,2023-03-17 21:27:07.946897
user_10,post_467,like,2023-03-17 23:49:07.946897
user_24,post_457,comment,2023-03-18 01:42:07.946897
user_17,post_247,like,2023-03-18 07:51:07.946897
user_63,post_319,comment,2023-03-18 08:36:07.946897
user_69,post_33,share,2023-03-18 08:37:07.946897
user_71,post_141,comment,2023-03-18 09:58:07.946897
user_7,post_46,like,2023-03-18 10:56:07.946897
user_18,post_245,share,2023-03-18 15:49:07.946897
user_97,post_448,share,2023-03-18 16:16:07.946897
user_28,post_120,comment,2023-03-18 16:41:07.946897
user_12,post_390,like,2023-03-18 17:51:07.946897
user_35,post_133,share,2023-03-18 19:16:07.946897
user_9,post_127,share,2023-03-18 19:22:07.946897
user_50,post_27,comment,2023-03-18 22:40:07.946897
user_49,post_123,like,2023-03-18 22:59:07.946897
user_13,post_142,comment,2023-03-19 00:38:07.946897
user_40,post_216,share,2023-03-19 02:31:07.946897
user_61,post_114,share,2023-03-19 03:14:07.946897
user_72,post_217,like,2023-03-19 03:47:07.946897
user_12,post_289,share,2023-03-19 04:09:07.946897
user_41,post_467,like,2023-03-19 05:31:07.946897
user_56,post_242,share,2023-03-19 07:49:07.946897
user_85,post_300,comment,2023-03-19 09:00:07.946897
user_93,post_448,share,2023-03-19 13:18:07.946897
user_21,post_179,like,2023-03-22 11:04:07.946897
user_99,post_319,like,2023-03-22 13:11:07.946897
user_51,post_370,like,2023-03-22 13:43:07.946897
user_23,post_104,like,2023-03-22 14:14:07.946897
user_54,post_220,like,2023-03-22 15:49:07.946897
user_16,post_283,comment,2023-03-23 04:16:07.946897
user_35,post_302,like,2023-03-23 04:18:07.946897
user_99,post_51,share,2023-03-23 04:19:07.946897
user_78,post_192,comment,2023-03-23 04:46:07.946897
user_13,post_465,like,2023-03-23 07:36:07.946897
user_40,post_195,share,2023-03-23 09:31:07.946897
user_20,post_87,like,2023-03-23 10:32:07.946897
user_92,post_58,like,2023-03-23 10:52:07.946897
user_64,post_66,like,2023-03-23 12:54:07.946897
user_39,post_25,share,2023-03-23 15:42:07.946897
user_52,post_91,like,2023-03-23 22:56:07.946897
user_25,post_440,like,2023-03-24 00:55:07.946897
user_22,post_153,like,2023-03-24 04:44:07.946897
user_15,post_434,like,2023-03-24 11:52:07.946897
user_73,post_230,comment,2023-03-24 16:39:07.946897
user_30,post_173,like,2023-03-24 19:00:07.946897
user_17,post_107,comment,2023-03-24 22:13:07.946897
user_100,post_309,like,2023-03-25 06:58:07.946897
user_94,post_226,share,2023-03-25 10:56:07.946897
user_60,post_494,like,2023-03-25 15:26:07.946897
user_57,post_278,comment,2023-03-26 00:38:07.946897
user_48,post_23,share,2023-03-26 05:10:07.946897
user_4,post_78,like,2023-03-26 09:10:07.946897
user_28,post_74,share,2023-03-28 05:01:07.946897
user_28,post_364,like,2023-03-28 14:44:07.946897
user_3,post_1,like,2023-03-30 09:30:07.946897
user_86,post_324,share,2023-03-30 11:22:07.946897
user_100,post_73,like,2023-03-31 02:43:07.946897
user_75,post_344,like,2023-03-31 14:41:07.946897
user_15,post_404,comment,2023-03-31 17:23:07.946897
user_10,post_130,comment,2023-04-02 09:43:07.946897
user_66,post_319,share,2023-04-03 07:17:07.946897
user_80,post_424,share,2023-04-04 21:54:07.946897
user_25,post_410,like,2023-04-05 00:08:07.946897
user_60,post_10,like,2023-04-05 10:01:07.946897
user_96,post_414,share,2023-04-05 14:26:07.946897
user_74,post_69,share,2023-04-05 14:32:07.946897
user_56,post_151,share,2023-04-05 14:53:07.946897
user_98,post_411,share,2023-04-05 17:10:07.946897
user_25,post_20,comment,2023-04-05 17:34:07.946897
user_77,post_5,share,2023-04-06 02:52:07.946897
user_8,post_417,like,2023-04-06 03:41:07.946897
user_71,post_348,like,2023-04-06 05:02:07.946897
user_20,post_399,share,2023-04-06 05:24:07.946897
user_67,post_446,like,2023-04-06 06:58:07.946897
user_85,post_18,comment,2023-04-06 07:02:07.946897
user_45,post_221,like,2023-04-06 08:22:07.946897
user_39,post_353,share,2023-04-06 08:34:07.946897
user_50,post_455,comment,2023-04-07 05:30:07.946897
user_35,post_487,like,2023-04-07 15:26:07.946897
user_37,post_249,comment,2023-04-08 05:37:07.946897
user_67,post_261,share,2023-04-08 10:14:07.946897
user_69,post_278,share,2023-04-08 12:29:07.946897
user_94,post_125,like,2023-04-08 12:48:07.946897
user_42,post_165,share,2023-04-08 13:47:07.946897
user_72,post_407,like,2023-04-08 13:57:07.946897
user_45,post_36,like,2023-04-08 14:26:07.946897
user_41,post_337,like,2023-04-08 23:53:07.946897
user_39,post_249,share,2023-04-09 10:43:07.946897
user_14,post_488,comment,2023-04-09 15:15:07.946897
user_35,post_118,comment,2023-04-09 19:21:07.946897
user_16,post_177,comment,2023-04-09 23:49:07.946897
user_87,post_462,comment,2023-04-10 03:05:07.946897
user_12,post_51,like,2023-04-10 10:02:07.946897
user_54,post_31,like,2023-04-10 11:12:07.946897
user_62,post_275,share,2023-04-10 12:19:07.946897
user_77,post_360,share,2023-04-10 16:12:07.946897
user_52,post_464,share,2023-04-10 18:43:07.946897
user_61,post_420,share,2023-04-10 20:17:07.946897
user_53,post_367,share,2023-04-10 22:32:07.946897
user_91,post_233,share,2023-04-11 02:17:07.946897
user_62,post_73,like,2023-04-11 09:03:07.946897
user_57,post_447,share,2023-04-11 09:04:07.946897
user_67,post_341,like,2023-04-11 14:45:07.946897
user_92,post_191,like,2023-04-11 18:35:07.946897
user_33,post_489,share,2023-04-11 21:05:07.946897
user_41,post_460,comment,2023-04-13 05:29:07.946897
user_36,post_108,like,2023-04-13 07:45:07.946897
user_53,post_79,share,2023-04-13 10:34:07.946897
user_75,post_382,comment,2023-04-13 11:48:07.946897
user_65,post_158,comment,2023-04-13 13:13:07.946897
user_27,post_256,share,2023-04-13 14:11:07.946897
user_92,post_153,share,2023-04-13 18:21:07.946897
user_52,post_334,comment,2023-04-13 18:34:07.946897
user_40,post_441,share,2023-04-13 19:33:07.946897
user_1,post_35,like,2023-04-14 01:16:07.946897
user_71,post_60,share,2023-04-14 02:10:07.946897
user_49,post_445,share,2023-04-14 03:16:07.946897
user_33,post_17,like,2023-04-14 06:32:07.946897
user_4,post_323,share,2023-04-14 07:57:07.946897
user_41,post_259,share,2023-04-14 07:59:07.946897
user_100,post_224,share,2023-04-14 08:41:07.946897
user_7,post_322,comment,2023-04-15 09:44:07.946897
user_61,post_166,comment,2023-04-15 19:10:07.946897
user_31,post_275,like,2023-04-15 23:33:07.946897
user_25,post_25,share,2023-04-16 00:13:07.946897
user_4,post_32,share,2023-04-16 03:17:07.946897
user_36,post_344,share,2023-04-16 06:31:07.946897
user_32,post_335,share,2023-04-17 15:49:07.946897
user_91,post_353,share,2023-04-18 01:47:07.946897
user_6,post_109,comment,2023-04-18 03:56:07.946897
user_84,post_356,comment,2023-04-18 07:34:07.946897
user_25,post_216,like,2023-04-18 22:53:07.946897
user_6,post_350,comment,2023-04-18 23:28:07.946897
user_57,post_75,like,2023-04-18 23:58:07.946897
user_74,post_261,comment,2023-04-19 01:18:07.946897
user_88,post_77,share,2023-04-19 02:34:07.946897
user_6,post_476,like,2023-04-19 06:15:07.946897
user_42,post_88,comment,2023-04-19 11:02:07.946897
user_32,post_378,like,2023-04-19 13:10:07.946897
user_35,post_353,share,2023-04-19 13:37:07.946897
user_72,post_326,like,2023-04-19 14:18:07.946897
user_57,post_69,comment,2023-04-19 16:48:07.946897
user_95,post_452,share,2023-04-19 17:48:07.946897
user_18,post_164,comment,2023-04-19 18:17:07.946897
user_64,post_226,comment,2023-04-19 20:25:07.946897
user_28,post_133,like,2023-04-19 21:08:07.946897
user_94,post_411,like,2023-04-19 23:38:07.946897
user_28,post_77,like,2023-04-20 01:05:07.946897
user_43,post_189,like,2023-04-20 02:01:07.946897
user_19,post_274,share,2023-04-20 02:16:07.946897
user_75,post_145,share,2023-04-20 02:31:07.946897
user_30,post_278,comment,2023-04-20 05:01:07.946897
user_43,post_416,like,2023-04-21 16:43:07.946897
user_80,post_152,like,2023-04-21 16:54:07.946897
user_85,post_212,share,2023-04-21 19:18:07.946897
user_87,post_408,like,2023-04-21 20:20:07.946897
user_91,post_208,share,2023-04-21 20:23:07.946897
user_91,post_462,like,2023-04-22 04:17:07.946897
user_84,post_221,share,2023-04-22 07:05:07.946897
user_40,post_84,like,2023-04-22 13:15:07.946897
user_87,post_3,like,2023-04-22 21:30:07.946897
user_64,post_317,comment,2023-04-23 01:54:07.946897
user_83,post_34,share,2023-04-23 07:13:07.946897
user_27,post_56,comment,2023-04-23 15:03:07.946897
user_6,post_197,comment,2023-04-23 15:41:07.946897
user_14,post_411,comment,2023-04-23 18:00:07.946897
user_30,post_427,comment,2023-04-23 18:38:07.946897
user_12,post_95,like,2023-04-23 20:25:07.946897
user_68,post_369,comment,2023-04-23 20:59:07.946897
user_30,post_263,like,2023-04-23 23:49:07.946897
user_66,post_75,share,2023-04-24 00:20:07.946897
user_40,post_378,comment,2023-04-24 05:07:07.946897
user_7,post_344,share,2023-04-24 06:11:07.946897
user_74,post_29,share,2023-04-24 08:42:07.946897
user_62,post_289,share,2023-04-25 07:03:07.946897
user_57,post_188,share,2023-04-25 12:14:07.946897
user_14,post_455,comment,2023-04-25 21:03:07.946897
user_77,post_267,like,2023-04-26 13:45:07.946897
user_81,post_396,share,2023-04-26 15:09:07.946897
user_32,post_205,share,2023-04-26 20:27:07.946897
user_69,post_247,like,2023-04-26 22:22:07.946897
user_74,post_132,comment,2023-04-27 00:02:07.946897
user_75,post_260,share,2023-04-27 02:47:07.946897
user_5,post_68,like,2023-04-27 08:10:07.946897
user_89,post_246,like,2023-04-27 08:30:07.946897
user_73,post_183,like,2023-04-27 11:32:07.946897
user_91,post_345,comment,2023-04-27 15:27:07.946897
user_15,post_205,share,2023-04-28 02:02:07.946897
user_28,post_215,like,2023-04-28 02:16:07.946897
user_11,post_355,share,2023-04-28 18:42:07.946897
user_48,post_451,like,2023-04-28 20:36:07.946897
user_5,post_426,comment,2023-04-28 21:10:07.946897
user_56,post_352,share,2023-04-28 22:17:07.946897
user_18,post_34,comment,2023-04-28 23:15:07.946897
user_63,post_371,comment,2023-04-29 08:39:07.946897
user_2,post_56,comment,2023-04-29 12:04:07.946897
user_3,post_398,comment,2023-04-29 20:05:07.946897
user_96,post_367,comment,2023-04-29 20:25:07.946897
user_96,post_58,like,2023-05-01 19:13:07.946897
user_14,post_427,comment,2023-05-02 02:37:07.946897
user_25,post_217,share,2023-05-02 09:59:07.946897
user_8,post_43,share,2023-05-02 17:34:07.946897
user_49,post_152,share,2023-05-02 19:14:07.946897
user_65,post_8,share,2023-05-02 22:21:07.946897
user_14,post_34,share,2023-05-03 00:54:07.946897
user_68,post_469,comment,2023-05-04 11:27:07.946897
user_26,post_214,share,2023-05-04 12:12:07.946897
user_9,post_467,share,2023-05-04 18:54:07.946897
user_75,post_219,like,2023-05-04 19:36:07.946897
user_94,post_63,like,2023-05-05 05:26:07.946897
user_70,post_414,like,2023-05-05 06:16:07.946897
user_42,post_109,comment,2023-05-05 06:16:07.946897
user_26,post_42,like,2023-05-05 08:30:07.946897
user_61,post_310,share,2023-05-06 09:14:07.946897
user_51,post_212,comment,2023-05-07 05:00:07.946897
user_8,post_90,comment,2023-05-08 12:46:07.946897
user_19,post_456,like,2023-05-08 15:14:07.946897
user_10,post_242,share,2023-05-08 15:28:07.946897
user_39,post_439,comment,2023-05-08 16:44:07.946897
user_5,post_213,share,2023-05-08 23:12:07.946897
user_12,post_354,like,2023-05-09 02:45:07.946897
user_20,post_209,share,2023-05-10 11:17:07.946897
user_11,post_163,share,2023-05-10 12:54:07.946897
user_58,post_171,like,2023-05-10 15:00:07.946897
user_26,post_262,share,2023-05-10 15:47:07.946897
user_1,post_163,like,2023-05-10 18:27:07.946897
user_12,post_486,share,2023-05-10 21:10:07.946897
user_97,post_93,share,2023-05-10 21:31:07.946897
user_16,post_38,comment,2023-05-11 03:08:07.946897
user_97,post_65,like,2023-05-11 04:02:07.946897
user_75,post_475,comment,2023-05-11 05:00:07.946897
user_15,post_305,like,2023-05-11 05:00:07.946897
user_38,post_209,like,2023-05-11 06:23:07.946897
user_92,post_448,like,2023-05-11 09:41:07.946897
user_36,post_144,like,2023-05-11 10:37:07.946897
user_74,post_373,share,2023-05-11 12:03:07.946897
user_50,post_64,share,2023-05-11 19:00:07.946897
user_53,post_185,share,2023-05-11 20:42:07.946897
user_59,post_25,share,2023-05-11 20:56:07.946897
user_85,post_5,share,2023-05-12 02:55:07.946897
user_31,post_211,like,2023-05-12 14:22:07.946897
user_54,post_98,comment,2023-05-12 16:37:07.946897
user_20,post_132,like,2023-05-12 16:47:07.946897
user_67,post_99,share,2023-05-13 03:10:07.946897
user_12,post_495,share,2023-05-13 03:11:07.946897
user_88,post_455,comment,2023-05-13 06:31:07.946897
user_88,post_432,comment,2023-05-13 08:49:07.946897
user_57,post_334,like,2023-05-13 09:41:07.946897
user_79,post_352,comment,2023-05-13 11:16:07.946897
user_74,post_80,like,2023-05-13 14:27:07.946897
user_10,post_149,comment,2023-05-14 00:54:07.946897
user_26,post_271,like,2023-05-14 01:10:07.946897
user_33,post_132,share,2023-05-14 02:04:07.946897
user_31,post_70,comment,2023-05-14 03:32:07.946897
user_77,post_126,comment,2023-05-14 05:47:07.946897
user_42,post_283,share,2023-05-14 06:40:07.946897
user_17,post_434,like,2023-05-14 07:18:07.946897
user_43,post_160,like,2023-05-15 16:21:07.946897
user_16,post_42,comment,2023-05-15 17:13:07.946897
user_82,post_215,comment,2023-05-15 21:49:07.946897
user_6,post_130,comment,2023-05-16 04:21:07.946897
user_87,post_160,comment,2023-05-16 09:14:07.946897
user_5,post_3,comment,2023-05-16 09:37:07.946897
user_69,post_208,like,2023-05-16 13:57:07.946897
user_61,post_273,like,2023-05-16 14:52:07.946897
user_16,post_239,like,2023-05-16 18:09:07.946897
user_47,post_375,share,2023-05-16 18:54:07.946897
user_24,post_272,comment,2023-05-16 20:22:07.946897
user_42,post_381,like,2023-05-16 22:42:07.946897
user_41,post_162,comment,2023-05-17 02:09:07.946897
user_35,post_205,share,2023-05-17 03:04:07.946897
user_31,post_358,share,2023-05-17 03:06:07.946897
user_95,post_226,like,2023-05-17 03:17:07.946897
user_2,post_59,comment,2023-05-17 06:01:07.946897
user_89,post_427,share,2023-05-17 18:30:07.946897
user_98,post_71,like,2023-05-17 21:02:07.946897
user_17,post_389,share,2023-05-18 09:55:07.946897
user_89,post_161,like,2023-05-18 10:12:07.946897
user_88,post_486,like,2023-05-18 12:44:07.946897
user_71,post_92,share,2023-05-18 13:58:07.946897
user_65,post_90,like,2023-05-18 22:39:07.946897
user_53,post_143,share,2023-05-19 01:00:07.946897
user_69,post_373,like,2023-05-19 02:51:07.946897
user_90,post_455,like,2023-05-20 09:32:07.946897
user_84,post_261,share,2023-05-20 10:21:07.946897
user_30,post_292,share,2023-05-20 15:53:07.946897
user_10,post_160,share,2023-05-20 16:05:07.946897
user_55,post_281,comment,2023-05-20 21:56:07.946897
user_42,post_415,share,2023-05-21 00:33:07.946897
user_74,post_406,comment,2023-05-21 00:35:07.946897
user_27,post_11,like,2023-05-21 01:14:07.946897
user_31,post_464,like,2023-05-21 02:38:07.946897
user_28,post_286,like,2023-05-21 02:42:07.946897
user_14,post_279,like,2023-05-21 07:57:07.946897
user_80,post_46,like,2023-05-21 08:13:07.946897
user_85,post_352,like,2023-05-21 09:17:07.946897
user_99,post_182,share,2023-05-21 10:58:07.946897
user_13,post_196,share,2023-05-21 11:44:07.946897
user_12,post_277,share,2023-05-21 11:56:07.946897
user_81,post_150,share,2023-05-21 12:09:07.946897
user_25,post_454,share,2023-05-21 12:19:07.946897
user_48,post_113,like,2023-05-21 12:47:07.946897
user_94,post_186,share,2023-05-21 12:55:07.946897
user_81,post_397,share,2023-05-21 14:31:07.946897
user_3,post_128,like,2023-05-21 18:39:07.946897
user_81,post_307,like,2023-05-21 20:41:07.946897
user_84,post_19,share,2023-05-21 22:26:07.946897
user_38,post_476,comment,2023-05-21 22:43:07.946897
user_55,post_119,share,2023-05-21 23:55:07.946897
user_27,post_143,comment,2023-05-22 01:00:07.946897
user_66,post_102,comment,2023-05-22 02:45:07.946897
user_59,post_193,share,2023-05-22 03:20:07.946897
user_41,post_97,like,2023-05-22 04:03:07.946897
user_2,post_407,comment,2023-05-22 05:43:07.946897
user_49,post_42,share,2023-05-22 08:37:07.946897
user_38,post_269,share,2023-05-22 15:48:07.946897
user_14,post_496,comment,2023-05-22 20:03:07.946897
user_10,post_199,share,2023-05-23 10:40:07.946897
user_51,post_151,like,2023-05-23 14:41:07.946897
user_35,post_29,comment,2023-05-23 20:43:07.946897
user_87,post_488,comment,2023-05-24 07:10:07.946897
user_66,post_286,like,2023-05-24 09:48:07.946897
user_83,post_27,share,2023-05-24 17:48:07.946897
user_18,post_340,like,2023-05-24 20:38:07.946897
user_36,post_39,like,2023-05-24 23:40:07.946897
user_53,post_186,comment,2023-05-25 00:38:07.946897
user_81,post_32,share,2023-05-25 12:35:07.946897
user_90,post_188,comment,2023-05-25 16:49:07.946897
user_66,post_311,comment,2023-05-26 08:56:07.946897
user_17,post_247,comment,2023-05-27 02:39:07.946897
user_94,post_499,comment,2023-05-27 11:42:07.946897
user_88,post_392,like,2023-05-27 12:32:07.946897
user_42,post_487,like,2023-05-27 14:01:07.946897
user_68,post_15,like,2023-05-27 18:47:07.946897
user_98,post_222,comment,2023-05-27 19:14:07.946897
user_58,post_275,share,2023-05-27 23:22:07.946897
user_5,post_300,like,2023-05-28 02:47:07.946897
user_59,post_393,share,2023-05-28 04:08:07.946897
user_44,post_426,share,2023-05-28 12:53:07.946897
user_74,post_285,share,2023-05-28 20:33:07.946897
user_38,post_66,like,2023-05-29 00:48:07.946897
user_50,post_258,comment,2023-05-29 07:22:07.946897
user_85,post_257,share,2023-05-30 14:36:07.946897
user_18,post_269,share,2023-05-31 02:36:07.946897
user_61,post_75,like,2023-05-31 09:19:07.946897
user_28,post_181,like,2023-05-31 10:33:07.946897
user_52,post_10,share,2023-05-31 19:31:07.946897
user_77,post_362,comment,2023-06-02 09:50:07.946897
user_28,post_385,share,2023-06-02 10:25:07.946897
user_57,post_188,share,2023-06-02 14:49:07.946897
user_28,post_162,share,2023-06-02 15:48:07.946897
user_85,post_419,comment,2023-06-02 17:31:07.946897
user_73,post_7,comment,2023-06-02 22:30:07.946897
user_47,post_212,comment,2023-06-03 03:07:07.946897
user_11,post_445,comment,2023-06-03 05:22:07.946897
user_91,post_120,share,2023-06-03 08:37:07.946897
user_69,post_258,share,2023-06-03 08:56:07.946897
user_65,post_295,share,2023-06-03 09:42:07.946897
user_52,post_32,share,2023-06-03 10:14:07.946897
user_1,post_460,share,2023-06-03 15:05:07.946897
user_87,post_211,share,2023-06-03 16:23:07.946897
user_92,post_355,comment,2023-06-03 17:58:07.946897
user_42,post_314,comment,2023-06-03 19:15:07.946897
user_61,post_132,like,2023-06-04 07:05:07.946897
user_23,post_316,share,2023-06-04 18:20:07.946897
user_46,post_498,comment,2023-06-04 19:23:07.946897
user_81,post_30,like,2023-06-05 14:49:07.946897
user_7,post_106,share,2023-06-05 21:15:07.946897
user_24,post_149,comment,2023-06-06 02:20:07.946897
user_58,post_180,comment,2023-06-06 06:28:07.946897
user_56,post_186,comment,2023-06-06 15:54:07.946897
user_76,post_107,share,2023-06-06 17:48:07.946897
user_13,post_364,share,2023-06-06 18:47:07.946897
user_76,post_46,comment,2023-06-06 19:12:07.946897
user_69,post_493,like,2023-06-07 02:56:07.946897
user_1,post_183,like,2023-06-07 04:50:07.946897
user_97,post_321,like,2023-06-07 05:30:07.946897
user_41,post_199,share,2023-06-07 07:45:07.946897
user_36,post_357,share,2023-06-07 07:48:07.946897
user_7,post_347,share,2023-06-07 10:02:07.946897
user_54,post_69,share,2023-06-10 07:35:07.946897
user_92,post_112,comment,2023-06-10 15:13:07.946897
user_67,post_346,comment,2023-06-10 18:24:07.946897
user_45,post_470,comment,2023-06-10 18:58:07.946897
user_87,post_24,share,2023-06-10 20:47:07.946897
user_82,post_492,share,2023-06-10 21:36:07.946897
user_17,post_130,comment,2023-06-11 04:23:07.946897
user_29,post_40,comment,2023-06-11 04:26:07.946897
user_82,post_258,comment,2023-06-11 07:11:07.946897
user_24,post_148,comment,2023-06-11 09:38:07.946897
user_8,post_294,like,2023-06-11 14:51:07.946897
user_18,post_30,share,2023-06-11 21:02:07.946897
user_95,post_469,share,2023-06-12 09:44:07.946897
user_38,post_225,like,2023-06-12 10:09:07.946897
user_89,post_488,like,2023-06-12 16:45:07.946897
user_90,post_115,like,2023-06-12 16:50:07.946897
user_24,post_227,comment,2023-06-12 18:14:07.946897
user_1,post_399,comment,2023-06-13 01:57:07.946897
user_94,post_359,share,2023-06-13 06:32:07.946897
user_91,post_190,like,2023-06-13 12:36:07.946897
user_14,post_19,share,2023-06-14 05:21:07.946897
user_55,post_80,share,2023-06-14 07:55:07.946897
user_72,post_345,like,2023-06-14 13:25:07.946897
user_18,post_329,comment,2023-06-14 16:05:07.946897
user_96,post_36,share,2023-06-14 22:10:07.946897
user_15,post_83,like,2023-06-15 00:06:07.946897
user_70,post_493,comment,2023-06-15 01:49:07.946897
user_90,post_279,comment,2023-06-15 07:51:07.946897
user_30,post_294,like,2023-06-15 09:05:07.946897
user_94,post_313,like,2023-06-16 09:50:07.946897
user_39,post_376,share,2023-06-16 12:54:07.946897
user_13,post_83,comment,2023-06-16 18:24:07.946897
user_53,post_25,like,2023-06-17 00:02:07.946897
user_82,post_46,like,2023-06-17 07:13:07.946897
user_5,post_36,like,2023-06-17 16:14:07.946897
user_35,post_381,comment,2023-06-17 17:55:07.946897
user_31,post_476,comment,2023-06-17 18:50:07.946897
user_34,post_289,like,2023-06-18 21:49:07.946897
user_1,post_480,share,2023-06-19 02:49:07.946897
user_75,post_170,comment,2023-06-19 13:08:07.946897
user_11,post_318,like,2023-06-19 18:17:07.946897
user_28,post_211,share,2023-06-19 23:20:07.946897
user_4,post_479,comment,2023-06-20 01:41:07.946897
user_3,post_301,comment,2023-06-20 05:38:07.946897
user_72,post_133,comment,2023-06-20 06:05:07.946897
user_67,post_205,comment,2023-06-20 16:34:07.946897
user_81,post_446,like,2023-06-20 18:55:07.946897
user_21,post_117,comment,2023-06-21 11:30:07.946897
user_30,post_316,comment,2023-06-21 18:54:07.946897
user_47,post_390,like,2023-06-21 23:00:07.946897
user_60,post_71,share,2023-06-22 02:03:07.946897
user_36,post_433,comment,2023-06-22 07:25:07.946897
user_85,post_268,share,2023-06-22 11:04:07.946897
user_25,post_256,comment,2023-06-22 15:33:07.946897
user_6,post_469,like,2023-06-22 20:13:07.946897
user_96,post_460,share,2023-06-22 22:16:07.946897
user_68,post_417,comment,2023-06-22 23:31:07.946897
user_86,post_433,comment,2023-06-23 07:09:07.946897
user_24,post_314,like,2023-06-23 11:07:07.946897
user_35,post_363,like,2023-06-24 03:47:07.946897
user_15,post_70,like,2023-06-24 08:36:07.946897
user_6,post_149,share,2023-06-24 11:09:07.946897
user_91,post_257,share,2023-06-25 11:28:07.946897
user_28,post_22,comment,2023-06-25 17:27:07.946897
user_26,post_12,like,2023-06-25 18:07:07.946897
user_8,post_370,share,2023-06-25 23:39:07.946897
user_84,post_211,like,2023-06-26 02:46:07.946897
user_54,post_473,like,2023-06-26 03:54:07.946897
user_79,post_215,comment,2023-06-27 00:17:07.946897
user_72,post_386,share,2023-06-27 12:48:07.946897
user_47,post_10,like,2023-06-27 13:34:07.946897
user_57,post_287,share,2023-06-27 14:15:07.946897
user_12,post_393,share,2023-06-27 14:49:07.946897
user_44,post_364,like,2023-06-27 16:35:07.946897
user_70,post_213,share,2023-06-27 17:08:07.946897
user_14,post_432,like,2023-06-27 20:08:07.946897
user_10,post_356,share,2023-06-27 22:22:07.946897
user_29,post_203,like,2023-06-28 00:53:07.946897
user_1,post_366,comment,2023-06-28 01:23:07.946897
user_71,post_222,comment,2023-06-28 02:58:07.946897
user_1,post_410,share,2023-06-28 04:00:07.946897
user_69,post_171,like,2023-06-28 05:21:07.946897
user_12,post_98,like,2023-06-28 05:38:07.946897
user_70,post_161,share,2023-06-28 09:00:07.946897
user_38,post_186,share,2023-06-29 08:04:07.946897
user_81,post_284,like,2023-07-01 17:27:07.946897
user_40,post_421,comment,2023-07-03 12:10:07.946897
user_40,post_139,like,2023-07-03 13:24:07.946897
user_85,post_480,share,2023-07-03 15:28:07.946897
user_94,post_187,like,2023-07-03 18:57:07.946897
user_17,post_76,like,2023-07-03 19:16:07.946897
user_74,post_320,comment,2023-07-03 20:25:07.946897
user_19,post_161,share,2023-07-04 00:54:07.946897
user_67,post_476,like,2023-07-04 05:34:07.946897
user_7,post_439,like,2023-07-04 06:32:07.946897
user_51,post_202,like,2023-07-05 19:50:07.946897
user_72,post_224,like,2023-07-06 07:16:07.946897
user_24,post_358,comment,2023-07-07 12:07:07.946897
user_12,post_274,like,2023-07-07 13:32:07.946897
user_9,post_106,share,2023-07-07 17:07:07.946897
user_63,post_342,like,2023-07-07 18:40:07.946897
user_29,post_186,like,2023-07-07 19:08:07.946897
user_87,post_12,like,2023-07-07 19:27:07.946897
user_53,post_367,share,2023-07-08 01:57:07.946897
user_84,post_295,like,2023-07-08 02:31:07.946897
user_77,post_260,share,2023-07-08 04:14:07.946897
user_5,post_340,comment,2023-07-08 05:12:07.946897
user_93,post_383,share,2023-07-08 06:35:07.946897
user_85,post_488,share,2023-07-08 08:46:07.946897
user_96,post_38,share,2023-07-08 14:07:07.946897
user_46,post_17,like,2023-07-09 03:59:07.946897
user_88,post_357,share,2023-07-09 07:41:07.946897
user_38,post_54,like,2023-07-09 12:00:07.946897
user_8,post_80,like,2023-07-09 13:45:07.946897
user_73,post_305,like,2023-07-09 14:22:07.946897
user_5,post_16,like,2023-07-09 16:28:07.946897
user_76,post_254,share,2023-07-09 17:06:07.946897
user_47,post_423,like,2023-07-09 18:46:07.946897
user_30,post_194,comment,2023-07-09 21:01:07.946897
user_2,post_196,comment,2023-07-09 21:06:07.946897
user_42,post_1,like,2023-07-09 21:17:07.946897
user_31,post_292,share,2023-07-09 22:44:07.946897
user_39,post_479,share,2023-07-10 00:30:07.946897
user_31,post_402,like,2023-07-10 05:21:07.946897
user_63,post_385,like,2023-07-10 05:26:07.946897
user_17,post_148,like,2023-07-10 06:53:07.946897
user_6,post_247,like,2023-07-10 08:52:07.946897
user_54,post_23,like,2023-07-10 08:56:07.946897
user_87,post_113,comment,2023-07-11 12:08:07.946897
user_27,post_206,comment,2023-07-11 13:57:07.946897
user_59,post_319,comment,2023-07-11 17:26:07.946897
user_67,post_186,share,2023-07-11 21:00:07.946897
user_97,post_311,comment,2023-07-11 22:09:07.946897
user_90,post_446,like,2023-07-11 22:37:07.946897
user_93,post_256,comment,2023-07-12 04:18:07.946897
user_53,post_485,like,2023-07-12 06:20:07.946897
user_35,post_286,share,2023-07-12 08:19:07.946897
user_25,post_377,share,2023-07-12 16:28:07.946897
user_97,post_316,share,2023-07-13 00:07:07.946897
user_63,post_491,comment,2023-07-16 12:34:07.946897
user_91,post_335,like,2023-07-17 00:56:07.946897
user_86,post_422,comment,2023-07-17 19:46:07.946897
user_9,post_290,comment,2023-07-18 00:17:07.946897
user_65,post_461,share,2023-07-18 01:06:07.946897
user_54,post_315,comment,2023-07-18 10:09:07.946897
user_3,post_403,like,2023-07-18 22:55:07.946897
user_23,post_249,like,2023-07-19 05:32:07.946897
user_81,post_326,share,2023-07-19 07:20:07.946897
user_74,post_242,like,2023-07-21 00:32:07.946897
user_89,post_219,comment,2023-07-24 17:35:07.946897
user_49,post_219,like,2023-07-24 18:38:07.946897
user_96,post_59,share,2023-07-25 07:26:07.946897
user_74,post_284,like,2023-07-25 13:53:07.946897
user_97,post_492,share,2023-07-25 17:11:07.946897
user_6,post_494,comment,2023-07-26 11:36:07.946897
user_80,post_388,share,2023-07-26 11:47:07.946897
user_14,post_130,share,2023-07-26 13:24:07.946897
user_40,post_203,share,2023-07-26 22:43:07.946897
user_21,post_178,share,2023-07-27 03:34:07.946897
user_68,post_277,like,2023-07-27 04:40:07.946897
user_25,post_99,share,2023-07-27 04:58:07.946897
user_49,post_255,comment,2023-07-27 05:45:07.946897
user_47,post_298,share,2023-07-27 12:38:07.946897
user_3,post_188,comment,2023-07-27 16:06:07.946897
user_22,post_471,comment,2023-07-27 17:39:07.946897
user_27,post_51,share,2023-07-27 23:07:07.946897
user_66,post_283,share,2023-07-28 04:13:07.946897
user_3,post_217,like,2023-07-28 08:53:07.946897
user_10,post_110,comment,2023-07-28 20:31:07.946897
user_9,post_6,like,2023-07-29 03:12:07.946897
user_40,post_386,share,2023-07-29 10:23:07.946897
user_47,post_86,comment,2023-07-29 22:36:07.946897
user_13,post_313,like,2023-07-29 23:09:07.946897
user_90,post_495,share,2023-07-30 13:13:07.946897
user_38,post_443,comment,2023-07-30 16:11:07.946897
user_73,post_453,comment,2023-07-31 16:33:07.946897
user_6,post_51,comment,2023-07-31 19:37:07.946897
user_98,post_334,share,2023-07-31 19:41:07.946897
user_66,post_301,comment,2023-07-31 23:34:07.946897
user_87,post_172,comment,2023-08-01 02:57:07.946897
user_33,post_498,like,2023-08-01 03:19:07.946897
user_35,post_296,share,2023-08-01 04:53:07.946897
user_79,post_344,share,2023-08-01 09:56:07.946897
user_44,post_36,like,2023-08-01 10:45:07.946897
user_88,post_241,share,2023-08-01 11:47:07.946897
user_37,post_258,like,2023-08-01 14:23:07.946897
user_83,post_201,comment,2023-08-01 18:55:07.946897
user_89,post_289,comment,2023-08-01 20:42:07.946897
user_82,post_495,share,2023-08-01 21:44:07.946897
user_8,post_93,like,2023-08-01 21:52:07.946897
user_11,post_18,share,2023-08-01 21:55:07.946897
user_29,post_48,like,2023-08-01 22:02:07.946897
user_20,post_405,share,2023-08-02 02:14:07.946897
user_78,post_449,like,2023-08-02 02:18:07.946897
user_43,post_308,like,2023-08-02 05:04:07.946897
user_50,post_344,comment,2023-08-02 08:43:07.946897
user_73,post_233,like,2023-08-03 11:16:07.946897
user_32,post_142,share,2023-08-03 12:14:07.946897
user_99,post_214,comment,2023-08-03 14:42:07.946897
user_78,post_279,like,2023-08-03 18:19:07.946897
user_69,post_123,like,2023-08-03 20:58:07.946897
user_18,post_6,share,2023-08-03 22:50:07.946897
user_72,post_306,share,2023-08-03 23:01:07.946897
user_64,post_122,share,2023-08-04 00:33:07.946897
user_95,post_291,comment,2023-08-04 13:43:07.946897
user_97,post_85,like,2023-08-04 20:00:07.946897
user_1,post_381,like,2023-08-05 00:02:07.946897
user_20,post_415,like,2023-08-05 06:51:07.946897
user_45,post_103,share,2023-08-05 07:51:07.946897
user_79,post_237,comment,2023-08-05 08:47:07.946897
user_27,post_335,like,2023-08-06 13:15:07.946897
user_7,post_165,like,2023-08-06 15:37:07.946897
user_47,post_181,comment,2023-08-06 18:14:07.946897
user_25,post_31,like,2023-08-06 22:29:07.946897
user_89,post_256,comment,2023-08-07 02:20:07.946897
user_92,post_279,comment,2023-08-08 14:25:07.946897
user_85,post_169,like,2023-08-08 18:52:07.946897
user_2,post_444,share,2023-08-09 10:06:07.946897
user_91,post_289,share,2023-08-09 11:06:07.946897
user_76,post_36,like,2023-08-09 11:44:07.946897
user_17,post_462,like,2023-08-09 12:48:07.946897
user_54,post_375,share,2023-08-09 16:50:07.946897
user_43,post_238,share,2023-08-09 17:04:07.946897
user_15,post_294,share,2023-08-09 20:04:07.946897
user_54,post_31,like,2023-08-09 20:08:07.946897
user_11,post_195,comment,2023-08-09 23:15:07.946897
user_43,post_250,like,2023-08-10 04:25:07.946897
user_94,post_107,comment,2023-08-10 07:47:07.946897
user_18,post_342,comment,2023-08-11 09:45:07.946897
user_59,post_218,like,2023-08-11 21:27:07.946897
user_59,post_379,like,2023-08-11 21:34:07.946897
user_36,post_300,comment,2023-08-15 20:42:07.946897
user_27,post_85,comment,2023-08-16 00:37:07.946897
user_43,post_443,share,2023-08-16 03:31:07.946897
user_12,post_219,comment,2023-08-16 05:33:07.946897
user_68,post_238,share,2023-08-16 10:26:07.946897
user_18,post_265,like,2023-08-16 11:51:07.946897
user_17,post_148,like,2023-08-16 13:05:07.946897
user_94,post_79,share,2023-08-16 18:31:07.946897
user_5,post_136,comment,2023-08-16 20:40:07.946897
user_25,post_408,comment,2023-08-16 22:11:07.946897
user_27,post_419,share,2023-08-16 22:34:07.946897
user_68,post_179,like,2023-08-17 08:23:07.946897
user_79,post_194,like,2023-08-17 09:27:07.946897
user_71,post_74,like,2023-08-17 16:55:07.946897
user_12,post_44,share,2023-08-17 23:25:07.946897
user_75,post_16,like,2023-08-18 00:25:07.946897
user_45,post_152,like,2023-08-18 00:41:07.946897
user_21,post_247,share,2023-08-18 05:13:07.946897
user_34,post_112,share,2023-08-18 05:43:07.946897
user_97,post_50,share,2023-08-18 07:03:07.946897
user_21,post_298,like,2023-08-19 15:39:07.946897
user_42,post_248,share,2023-08-19 18:38:07.946897
user_69,post_429,comment,2023-08-19 20:14:07.946897
user_60,post_273,like,2023-08-20 04:56:07.946897
user_3,post_347,comment,2023-08-21 12:39:07.946897
user_31,post_206,comment,2023-08-21 15:34:07.946897
user_32,post_497,share,2023-08-21 15:44:07.946897
user_25,post_152,share,2023-08-21 16:23:07.946897
user_60,post_243,like,2023-08-21 17:03:07.946897
user_6,post_397,share,2023-08-21 17:11:07.946897
user_27,post_292,comment,2023-08-21 20:24:07.946897
user_62,post_228,like,2023-08-22 00:43:07.946897
user_38,post_397,comment,2023-08-22 05:40:07.946897
user_56,post_199,share,2023-08-22 05:55:07.946897
user_40,post_123,comment,2023-08-22 06:39:07.946897
user_14,post_361,share,2023-08-22 07:01:07.946897
user_63,post_78,comment,2023-08-22 07:25:07.946897
user_45,post_295,like,2023-08-22 11:59:07.946897
user_72,post_135,comment,2023-08-22 13:31:07.946897
user_56,post_201,share,2023-08-22 15:23:07.946897
user_88,post_63,like,2023-08-22 16:08:07.946897
user_46,post_396,comment,2023-08-22 21:24:07.946897
user_64,post_404,comment,2023-08-23 06:55:07.946897
user_47,post_212,comment,2023-08-23 10:02:07.946897
user_91,post_184,share,2023-08-23 10:36:07.946897
user_47,post_219,comment,2023-08-23 20:32:07.946897
user_58,post_44,like,2023-08-23 20:47:07.946897
user_24,post_33,like,2023-08-23 22:25:07.946897
user_63,post_86,comment,2023-08-23 22:52:07.946897
user_96,post_177,like,2023-08-24 07:22:07.946897
user_45,post_223,share,2023-08-24 12:30:07.946897
user_13,post_379,share,2023-08-25 00:08:07.946897
user_89,post_104,like,2023-08-26 19:06:07.946897
user_77,post_111,like,2023-08-26 19:26:07.946897
user_46,post_92,comment,2023-08-27 01:41:07.946897
user_66,post_477,comment,2023-08-27 02:46:07.946897
user_26,post_323,share,2023-08-27 09:02:07.946897
user_6,post_46,comment,2023-08-29 09:10:07.946897
user_26,post_214,comment,2023-08-29 18:22:07.946897
user_53,post_241,comment,2023-08-29 23:33:07.946897
user_10,post_500,like,2023-08-30 03:05:07.946897
user_25,post_197,comment,2023-08-30 03:35:07.946897
user_45,post_137,like,2023-08-30 14:19:07.946897
user_49,post_290,like,2023-08-30 19:08:07.946897
user_73,post_240,comment,2023-08-30 19:25:07.946897
user_92,post_199,comment,2023-08-30 23:26:07.946897
user_74,post_442,share,2023-08-31 00:03:07.946897
user_43,post_39,like,2023-08-31 00:18:07.946897
user_76,post_426,like,2023-08-31 00:26:07.946897
user_42,post_458,comment,2023-08-31 01:13:07.946897
user_66,post_175,like,2023-08-31 07:03:07.946897
user_46,post_160,like,2023-08-31 08:59:07.946897
user_91,post_240,like,2023-08-31 11:11:07.946897
user_70,post_131,share,2023-08-31 11:45:07.946897
user_83,post_468,share,2023-08-31 13:58:07.946897
user_88,post_296,share,2023-08-31 18:30:07.946897
user_72,post_34,share,2023-09-01 00:09:07.946897
user_83,post_316,comment,2023-09-01 05:33:07.946897
user_18,post_330,like,2023-09-01 08:46:07.946897
user_34,post_224,share,2023-09-01 21:31:07.946897
user_14,post_57,like,2023-09-02 00:45:07.946897
user_87,post_118,share,2023-09-02 00:46:07.946897
user_23,post_77,comment,2023-09-02 02:11:07.946897
user_24,post_483,comment,2023-09-02 04:56:07.946897
user_29,post_4,comment,2023-09-02 13:38:07.946897
user_96,post_349,like,2023-09-02 16:44:07.946897
user_7,post_136,like,2023-09-02 19:19:07.946897
user_59,post_16,share,2023-09-02 20:24:07.946897
user_46,post_59,like,2023-09-02 22:00:07.946897
user_69,post_127,share,2023-09-03 00:23:07.946897
user_66,post_30,comment,2023-09-03 02:01:07.946897
user_89,post_185,like,2023-09-03 04:19:07.946897
user_51,post_434,like,2023-09-03 08:12:07.946897
user_31,post_225,comment,2023-09-03 17:50:07.946897
user_82,post_450,like,2023-09-03 22:27:07.946897
user_37,post_67,comment,2023-09-04 00:53:07.946897
user_62,post_236,like,2023-09-04 01:11:07.946897
user_86,post_454,share,2023-09-04 01:48:07.946897
user_76,post_196,share,2023-09-04 02:53:07.946897
user_34,post_350,comment,2023-09-04 05:49:07.946897
user_5,post_452,share,2023-09-04 09:21:07.946897
user_50,post_141,comment,2023-09-04 15:44:07.946897
user_36,post_99,share,2023-09-04 20:27:07.946897
user_43,post_399,share,2023-09-05 00:48:07.946897
user_56,post_406,comment,2023-09-06 10:20:07.946897
user_89,post_267,share,2023-09-06 15:14:07.946897
user_27,post_41,comment,2023-09-06 17:59:07.946897
user_24,post_482,comment,2023-09-06 21:07:07.946897
user_5,post_34,like,2023-09-07 02:34:07.946897
user_49,post_412,share,2023-09-07 03:24:07.946897
user_17,post_344,comment,2023-09-07 05:08:07.946897
user_86,post_332,like,2023-09-07 10:14:07.946897
user_95,post_252,like,2023-09-07 12:20:07.946897
user_65,post_19,like,2023-09-07 17:55:07.946897
user_10,post_269,comment,2023-09-07 19:35:07.946897
user_69,post_270,comment,2023-09-07 23:29:07.946897
user_33,post_348,comment,2023-09-08 08:14:07.946897
user_99,post_99,share,2023-09-08 08:31:07.946897
user_81,post_187,share,2023-09-08 09:14:07.946897
user_45,post_231,like,2023-09-08 10:34:07.946897
user_9,post_110,share,2023-09-08 10:42:07.946897
user_68,post_142,comment,2023-09-08 12:07:07.946897
user_60,post_442,like,2023-09-08 19:49:07.946897
user_41,post_32,share,2023-09-09 00:22:07.946897
user_26,post_247,share,2023-09-09 03:11:07.946897
user_67,post_94,comment,2023-09-09 03:40:07.946897
user_87,post_4,share,2023-09-09 20:00:07.946897
user_28,post_416,comment,2023-09-10 02:38:07.946897
user_6,post_446,like,2023-09-10 04:49:07.946897
user_71,post_37,comment,2023-09-10 04:51:07.946897
user_37,post_386,like,2023-09-10 07:03:07.946897
user_9,post_331,comment,2023-09-11 01:40:07.946897
user_23,post_360,share,2023-09-11 02:08:07.946897
user_15,post_287,comment,2023-09-11 16:35:07.946897
user_4,post_229,like,2023-09-11 17:34:07.946897
user_15,post_484,like,2023-09-12 08:45:07.946897
user_10,post_483,like,2023-09-12 08:50:07.946897
user_88,post_473,share,2023-09-14 14:33:07.946897
user_47,post_78,like,2023-09-14 21:29:07.946897
user_96,post_175,like,2023-09-15 00:35:07.946897
user_66,post_461,share,2023-09-15 02:53:07.946897
user_77,post_155,share,2023-09-15 08:32:07.946897
user_72,post_156,like,2023-09-15 14:39:07.946897
user_74,post_463,like,2023-09-15 21:31:07.946897
user_55,post_455,share,2023-09-16 00:58:07.946897
user_24,post_181,like,2023-09-16 01:53:07.946897
user_48,post_490,comment,2023-09-16 04:19:07.946897
user_69,post_158,like,2023-09-16 05:47:07.946897
user_56,post_129,share,2023-09-16 08:24:07.946897
user_40,post_447,comment,2023-09-17 10:30:07.946897
user_54,post_247,share,2023-09-17 12:12:07.946897
user_82,post_412,like,2023-09-17 13:27:07.946897
user_5,post_464,like,2023-09-17 16:13:07.946897
user_72,post_50,like,2023-09-17 22:40:07.946897
user_2,post_422,comment,2023-09-17 23:10:07.946897
user_6,post_243,like,2023-09-18 03:34:07.946897
user_53,post_378,comment,2023-09-18 07:13:07.946897
user_89,post_468,share,2023-09-18 08:07:07.946897
user_54,post_52,comment,2023-09-19 15:16:07.946897
user_44,post_24,like,2023-09-19 18:57:07.946897
user_62,post_369,comment,2023-09-19 19:13:07.946897
user_7,post_91,share,2023-09-19 23:36:07.946897
user_33,post_143,comment,2023-09-20 00:31:07.946897
user_84,post_156,comment,2023-09-20 02:12:07.946897
user_49,post_251,comment,2023-09-20 10:38:07.946897
user_93,post_258,like,2023-09-20 13:04:07.946897
user_70,post_412,share,2023-09-20 18:18:07.946897
user_5,post_40,comment,2023-09-20 22:06:07.946897
user_31,post_69,share,2023-09-20 23:58:07.946897
user_27,post_458,like,2023-09-21 03:20:07.946897
user_79,post_261,like,2023-09-21 04:14:07.946897
user_64,post_191,share,2023-09-21 09:02:07.946897
user_54,post_267,share,2023-09-21 09:06:07.946897
user_34,post_278,share,2023-09-21 11:54:07.946897
user_20,post_192,like,2023-09-21 15:01:07.946897
user_88,post_303,share,2023-09-21 15:03:07.946897
user_31,post_479,comment,2023-09-21 19:08:07.946897
user_73,post_363,like,2023-09-21 20:20:07.946897
user_94,post_94,comment,2023-09-21 20:25:07.946897
user_30,post_216,share,2023-09-22 07:55:07.946897
user_84,post_169,comment,2023-09-22 08:01:07.946897
